Nome de Pregão;Razão Social;CNPJ;Código
ADVANCED-DH;ADVANCED DIGITAL HEALTH MEDICINA PREVENTIVA S.A.;10.345.009/0001-98;ADHM1, ADHM3
AES TIETE E;AES TIETE ENERGIA SA;04.128.563/0001-10;TIET11, TIET3, TIET4
AFLUENTE T;AFLUENTE TRANSMISSÃO DE ENERGIA ELÉTRICA S/A;10.338.320/0001-00;AFLT3
ALEF S/A;ALEF S.A.;02.217.319/0001-07;ALEF3B
ALFA HOLDING;ALFA HOLDINGS S.A.;17.167.396/0001-69;RPAD3, RPAD5, RPAD6
ALGAR TELEC;ALGAR TELECOM S/A;71.208.516/0001-74;#N/D
ALIANSCSONAE;ALIANSCE SONAE SHOPPING CENTERS S.A.;05.878.397/0001-32;ALSO3
ESTAPAR;ALLPARK EMPREENDIMENTOS PARTICIPACOES SERVICOS S.A;60.537.263/0001-66;ALPK3
ALPARGATAS;ALPARGATAS S.A.;61.079.117/0001-05;ALPA3, ALPA4
ALPER S.A.;ALPER CONSULTORIA E CORRETORA DE SEGUROS S.A.;11.721.921/0001-60;APER3
ALTERE SEC;ALTERE SECURITIZADORA S.A.;02.783.423/0001-50;#N/D
ALUPAR;ALUPAR INVESTIMENTO S/A;08.364.948/0001-38;ALUP11, ALUP3, ALUP4
AMBEV S/A;AMBEV S.A.;07.526.557/0001-00;ABEV3
AMPLA ENERG;AMPLA ENERGIA E SERVICOS S.A.;33.050.071/0001-58;CBEE3
ANIMA;ANIMA HOLDING S.A.;09.288.252/0001-32;ANIM3
AREZZO CO;AREZZO INDÚSTRIA E COMÉRCIO S.A.;16.590.234/0001-76;ARZZ3
CARREFOUR BR;ATACADÃO S.A.;75.315.333/0001-09;CRFB3
ATMASA;ATMA PARTICIPAÇÕES S.A.;04.032.433/0001-80;#N/D
ATOMPAR;ATOM EMPREENDIMENTOS E PARTICIPAÇÕES S.A.;00.359.742/0001-08;ATOM3
AZEVEDO;AZEVEDO E TRAVASSOS S.A.;61.351.532/0001-68;AZEV3, AZEV4
AZUL;AZUL S.A.;09.305.994/0001-29;AZUL4
B2W DIGITAL;B2W – COMPANHIA DIGITAL;00.776.574/0001-56;BTOW3
B3;B3 S.A. – BRASIL. BOLSA. BALCÃO;09.346.601/0001-25;B3SA3
BAHEMA;BAHEMA EDUCAÇÃO S.A.;45.987.245/0001-92;BAHI3
BANCO BMG;BANCO BMG S.A.;61.186.680/0001-74;BMGB4
BANCO INTER;BANCO INTER S.A.;00.416.968/0001-01;BIDI3, BIDI11, BIDI4
BANESTES;BANESTES S.A. – BCO EST ESPIRITO SANTO;28.127.603/0001-78;BEES3, BEES4
BARDELLA;BARDELLA S.A. INDUSTRIAS MECANICAS;60.851.615/0001-53;BDLL4, BDLL3
BATTISTELLA;BATTISTELLA ADM PARTICIPACOES S.A.;42.331.462/0001-31;BTTL3
BAUMER;BAUMER S.A.;61.374.161/0001-30;BALM4, BALM3
BBSEGURIDADE;BB SEGURIDADE PARTICIPAÇÕES S.A.;17.344.597/0001-94;BBSE3
BBMLOGISTICA;BBM LOGISTICA S.A.;01.107.327/0001-20;BBML3
ABC BRASIL;BCO ABC BRASIL S.A.;28.195.667/0001-06;ABCB4
ALFA INVEST;BCO ALFA DE INVESTIMENTO S.A.;60.770.336/0001-65;BRIV3, BRIV4
AMAZONIA;BCO AMAZONIA S.A.;04.902.979/0001-44;BAZA3
BRADESCO;BCO BRADESCO S.A.;60.746.948/0001-12;BBDC4, BBDC3
BRASIL;BCO BRASIL S.A.;00.000.000/0001-91;BBAS11, BBAS12, BBAS3
BTGP BANCO;BCO BTG PACTUAL S.A.;30.306.294/0001-45;BPAC11, BPAC3, BPAC5
BANESE;BCO ESTADO DE SERGIPE S.A. – BANESE;13.009.717/0001-46;BGIP3, BGIP4
BANPARA;BCO ESTADO DO PARA S.A.;04.913.711/0001-08;BPAR3
BANRISUL;BCO ESTADO DO RIO GRANDE DO SUL S.A.;92.702.067/0001-96;BRSR6, BRSR5, BRSR3
INDUSVAL;BCO INDUSVAL S.A.;61.024.352/0001-71;IDVL3, IDVL4
MERC INVEST;BCO MERCANTIL DE INVESTIMENTOS S.A.;34.169.557/0001-72;BMIN3, BMIN4
MERC BRASIL;BCO MERCANTIL DO BRASIL S.A.;17.184.037/0001-10;BMEB3, BMEB4
NORD BRASIL;BCO NORDESTE DO BRASIL S.A.;07.237.373/0001-20;BNBR3
BANCO PAN;BCO PAN S.A.;59.285.411/0001-13;BPAN4
PINE;BCO PINE S.A.;62.144.175/0001-20;PINE3, PINE4
SANTANDER BR;BCO SANTANDER (BRASIL) S.A.;90.400.888/0001-42;SANB4, SANB3, SANB11
BETA SECURIT;BETA SECURITIZADORA S.A.;07.021.459/0001-10;#N/D
BETAPART;BETAPART PARTICIPACOES S.A.;02.762.124/0001-30;BETP3B
BIC MONARK;BICICLETAS MONARK S.A.;56.992.423/0001-90;BMKS3
BIOMM;BIOMM S.A.;04.752.991/0001-10;BIOM3
BIOSEV;BIOSEV S.A.;15.527.906/0001-36;BSEV3
BIOTOSCANA;BIOTOSCANA INVESTMENTS S.A.;19.688.956/0001-56;GBIO33
BK BRASIL;BK BRASIL OPERAÇÃO E ASSESSORIA A RESTAURANTES SA;13.574.594/0001-96;BKBR3
BNDESPAR;BNDES PARTICIPACOES S.A. – BNDESPAR;00.383.281/0001-09;#N/D
BOMBRIL;BOMBRIL S.A.;50.564.053/0001-03;BOBR3, BOBR4
BR MALLS PAR;BR MALLS PARTICIPACOES S.A.;06.977.745/0001-91;BRML3
BR PROPERT;BR PROPERTIES S.A.;06.977.751/0001-49;BRPR3
BRADESCO LSG;BRADESCO LEASING S.A. ARREND MERCANTIL;47.509.120/0001-82;#N/D
BRADESPAR;BRADESPAR S.A.;03.847.461/0001-92;BRAP4, BRAP3
BR BROKERS;BRASIL BROKERS PARTICIPACOES S.A.;08.613.550/0001-98;BBRK3
BRASILAGRO;BRASILAGRO – CIA BRAS DE PROP AGRICOLAS;07.628.528/0001-59;AGRO3
BRASKEM;BRASKEM S.A.;42.150.391/0001-70;BRKM6, BRKM5, BRKM3
BRAZIL REALT;BRAZIL REALTY CIA SECURIT. CRÉD. IMOBILIÁRIOS;07.119.838/0001-48;#N/D
BRAZILIAN FR;BRAZILIAN FINANCE E REAL ESTATE S.A.;02.762.113/0001-50;#N/D
BRAZILIAN SC;BRAZILIAN SECURITIES CIA SECURITIZACAO;03.767.538/0001-14;#N/D
BRB BANCO;BRB BCO DE BRASILIA S.A.;00.000.208/0001-00;BSLI4, BSLI3
BRC SECURIT;BRC SECURITIZADORA S.A.;08.653.753/0001-08;#N/D
BRF SA;BRF S.A.;01.838.723/0001-27;BRFS3
BRPR 56 SEC;BRPR 56 SECURITIZADORA CRED IMOB S.A.;06.137.677/0001-52;#N/D
BRQ;BRQ SOLUCOES EM INFORMATICA S.A.;36.542.025/0001-64;BRQB3
BV LEASING;BV LEASING – ARRENDAMENTO MERCANTIL S.A.;01.858.774/0001-10;#N/D
CABINDA PART;CABINDA PARTICIPACOES S.A.;04.030.182/0001-02;CABI3B
CACHOEIRA;CACHOEIRA PAULISTA TRANSMISSORA ENERGIA S.A.;05.336.882/0001-84;#N/D
CACONDE PART;CACONDE PARTICIPACOES S.A.;04.031.213/0001-31;CACO3B
CAMBUCI;CAMBUCI S.A.;61.088.894/0001-08;CAMB3
CAMIL;CAMIL ALIMENTOS S.A.;64.904.295/0001-03;CAML3
CAPITALPART;CAPITALPART PARTICIPACOES S.A.;02.591.787/0001-39;#N/D
CCR SA;CCR S.A.;02.846.056/0001-97;CCRO3
CEA MODAS;CEA MODAS S.A.;45.242.914/0001-05;CEAB3
CEMEPE;CEMEPE INVESTIMENTOS S.A.;93.828.986/0001-73;MAPT4, MAPT3
CEMIG DIST;CEMIG DISTRIBUICAO S.A.;06.981.180/0001-16;#N/D
CEMIG GT;CEMIG GERACAO E TRANSMISSAO S.A.;06.981.176/0001-58;#N/D
ELETROBRAS;CENTRAIS ELET BRAS S.A. – ELETROBRAS;00.001.180/0001-26;ELET3, ELET5, ELET6
CELESC;CENTRAIS ELET DE SANTA CATARINA S.A.;83.878.892/0001-55;CLSC4, CLSC3
ALLIAR;CENTRO DE IMAGEM DIAGNOSTICOS S.A.;42.771.949/0001-35;AALR3
CESP;CESP – CIA ENERGETICA DE SAO PAULO;60.933.603/0001-78;CESP6, CESP5, CESP3
P.ACUCAR-CBD;CIA BRASILEIRA DE DISTRIBUICAO;47.508.411/0001-56;PCAR3
CASAN;CIA CATARINENSE DE AGUAS E SANEAM.-CASAN;82.508.433/0001-17;CASN4, CASN3
CELGPAR;CIA CELG DE PARTICIPACOES – CELGPAR;08.560.444/0001-93;GPAR3
CEG;CIA DISTRIB DE GAS DO RIO DE JANEIRO-CEG;33.938.119/0001-69;CEGR3
COELBA;CIA ELETRICIDADE EST. DA BAHIA – COELBA;15.139.629/0001-94;CEEB3, CEEB5, CEEB6
CEB;CIA ENERGETICA DE BRASILIA;00.070.698/0001-11;CEBR6, CEBR5, CEBR3
CEMIG;CIA ENERGETICA DE MINAS GERAIS – CEMIG;17.155.730/0001-64;CMIG4, CMIG3
CELPE;CIA ENERGETICA DE PERNAMBUCO – CELPE;10.835.932/0001-08;CEPE5, CEPE3
COELCE;CIA ENERGETICA DO CEARA – COELCE;07.047.251/0001-70;COCE6, COCE5, COCE3
COSERN;CIA ENERGETICA DO RIO GDE NORTE – COSERN;08.324.196/0001-81;CSRN3, CSRN5, CSRN6
CEEE-D;CIA ESTADUAL DE DISTRIB ENER ELET-CEEE-D;08.467.115/0001-00;CEED4, CEED3
CEEE-GT;CIA ESTADUAL GER.TRANS.ENER.ELET-CEEE-GT;92.715.812/0001-31;EEEL4, EEEL3
FERBASA;CIA FERRO LIGAS DA BAHIA – FERBASA;15.141.799/0001-03;FESA4, FESA3
CEDRO;CIA FIACAO TECIDOS CEDRO CACHOEIRA;17.245.234/0001-00;CEDO4, CEDO3
COMGAS;CIA GAS DE SAO PAULO – COMGAS;61.856.571/0001-17;CGAS3, CGAS5
HABITASUL;CIA HABITASUL DE PARTICIPACOES;87.762.563/0001-03;HBTS3, HBTS5, HBTS6
CIA HERING;CIA HERING;78.876.950/0001-71;HGTX3
IND CATAGUAS;CIA INDUSTRIAL CATAGUASES;19.526.748/0001-50;CATA3, CATA4
LOCAMERICA;CIA LOCAÇÃO DAS AMÉRICAS;10.215.988/0001-60;LCAM3
MELHOR SP;CIA MELHORAMENTOS DE SAO PAULO;60.730.348/0001-66;MSPA3, MSPA4
COPEL;CIA PARANAENSE DE ENERGIA – COPEL;76.483.817/0001-20;CPLE6, CPLE5, CPLE3
PAR AL BAHIA;CIA PARTICIPACOES ALIANCA DA BAHIA;01.938.783/0001-11;PEAB3, PEAB4
PAUL F LUZ;CIA PAULISTA DE FORCA E LUZ;33.050.196/0001-88;#N/D
CPFL PIRATIN;CIA PIRATININGA DE FORCA E LUZ;04.172.213/0001-51;#N/D
SABESP;CIA SANEAMENTO BASICO EST SAO PAULO;43.776.517/0001-80;SBSP3
COPASA;CIA SANEAMENTO DE MINAS GERAIS-COPASA MG;17.281.106/0001-03;CSMG3
SANEPAR;CIA SANEAMENTO DO PARANA – SANEPAR;76.484.013/0001-45;SAPR4, SAPR3, SAPR11
SEG AL BAHIA;CIA SEGUROS ALIANCA DA BAHIA;15.144.017/0001-90;CSAB3, CSAB4
SID NACIONAL;CIA SIDERURGICA NACIONAL;33.042.730/0001-04;CSNA3
COTEMINAS;CIA TECIDOS NORTE DE MINAS COTEMINAS;22.677.520/0001-76;CTNM4, CTNM3
SANTANENSE;CIA TECIDOS SANTANENSE;21.255.567/0001-89;CTSA3, CTSA4, CTSA8
CIBRASEC;CIBRASEC – COMPANHIA BRASILEIRA DE SECURITIZACAO;02.105.040/0001-23;#N/D
CIELO;CIELO S.A.;01.027.058/0001-91;CIEL3
CIMS;CIMS S.A.;00.272.185/0001-93;CMSA3, CMSA4
CINESYSTEM;CINESYSTEM S.A.;07.437.016/0001-05;CNSY3
COGNA ON;COGNA EDUCAÇÃO S.A.;02.800.026/0001-40;COGN3
CONC RAPOSO;CONC AUTO RAPOSO TAVARES S.A.;10.531.501/0001-58;#N/D
GRUAIRPORT;CONC DO AEROPORTO INTERNACIONAL DE GUARULHOS S.A.;15.578.569/0001-06;#N/D
ECOVIAS;CONC ECOVIAS IMIGRANTES S.A.;02.509.491/0001-26;#N/D
CONC RIO TER;CONC RIO-TERESOPOLIS S.A.;00.938.574/0001-05;CRTE3B, CRTE5B
ECOPISTAS;CONC ROD AYRTON SENNA E CARV PINTO S.A.-ECOPISTAS;10.841.050/0001-55;#N/D
VIAOESTE;CONC ROD.OESTE SP VIAOESTE S.A;02.415.408/0001-50;#N/D
ROD TIETE;CONC RODOVIAS DO TIETÊ S.A.;10.678.505/0001-63;#N/D
RT BANDEIRAS;CONC ROTA DAS BANDEIRAS S.A.;10.647.979/0001-48;#N/D
AUTOBAN;CONC SIST ANHANG-BANDEIRANT S.A. AUTOBAN;02.451.848/0001-62;#N/D
ODERICH;CONSERVAS ODERICH S.A.;97.191.902/0001-94;ODER3, ODER4
ALFA CONSORC;CONSORCIO ALFA DE ADMINISTRACAO S.A.;17.193.806/0001-46;BRGE11, BRGE12, BRGE3, BRGE5, BRGE6, BRGE7, BRGE8
CONST A LIND;CONSTRUTORA ADOLPHO LINDENBERG S.A.;61.022.042/0001-18;CALI3, CALI4
TENDA;CONSTRUTORA TENDA S.A.;71.476.527/0001-35;TEND3
COR RIBEIRO;CORREA RIBEIRO S.A. COMERCIO E INDUSTRIA;15.101.405/0001-93;CORR3, CORR4
COSAN LOG;COSAN LOGISTICA S.A.;17.346.997/0001-39;RLOG3
COSAN;COSAN S.A.;50.746.577/0001-15;CSAN3
CPFL ENERGIA;CPFL ENERGIA S.A.;02.429.144/0001-93;CPFE3
CPFL RENOVAV;CPFL ENERGIAS RENOVÁVEIS S.A.;08.439.659/0001-50;CPRE3
CPFL GERACAO;CPFL GERACAO DE ENERGIA S.A.;03.953.509/0001-47;#N/D
CR2;CR2 EMPREENDIMENTOS IMOBILIARIOS S.A.;07.820.907/0001-46;CRDE3
CSU CARDSYST;CSU CARDSYSTEM S.A.;01.896.779/0001-38;CARD3
CTC S.A.;CTC – CENTRO DE TECNOLOGIA CANAVIEIRA S.A.;06.981.381/0001-13;#N/D
TRAN PAULIST;CTEEP – CIA TRANSMISSÃO ENERGIA ELÉTRICA PAULISTA;02.998.611/0001-04;TRPL3, TRPL4
CVC BRASIL;CVC BRASIL OPERADORA E AGÊNCIA DE VIAGENS S.A.;10.760.260/0001-19;CVCB3
CYRELA REALT;CYRELA BRAZIL REALTY S.A.EMPREEND E PART;73.178.600/0001-18;CYRE3
CYRE COM-CCP;CYRELA COMMERCIAL PROPERT S.A. EMPR PART;08.801.621/0001-86;CCPR3
DASA;DIAGNOSTICOS DA AMERICA S.A.;61.486.650/0001-83;DASA3
DIBENS LSG;DIBENS LEASING S.A. – ARREND.MERCANTIL;65.654.303/0001-73;#N/D
DIMED;DIMED S.A. DISTRIBUIDORA DE MEDICAMENTOS;92.665.611/0001-77;PNVL4, PNVL3
DIRECIONAL;DIRECIONAL ENGENHARIA S.A.;16.614.075/0001-00;DIRR3
DOHLER;DOHLER S.A.;84.683.408/0001-03;DOHL3, DOHL4
DOMMO;DOMMO ENERGIA S.A.;08.926.302/0001-05;DMMO11, DMMO3
DTCOM-DIRECT;DTCOM – DIRECT TO COMPANY S.A.;03.303.999/0001-36;DTCY3, DTCY4
DURATEX;DURATEX S.A.;97.837.181/0001-47;DTEX3
ECO SEC AGRO;ECO SECURITIZADORA DIREITOS CRED AGRONEGÓCIO S.A.;10.753.164/0001-43;#N/D
ECON;ECORODOVIAS CONCESSÕES E SERVIÇOS S.A.;08.873.873/0001-10;#N/D
ECORODOVIAS;ECORODOVIAS INFRAESTRUTURA E LOGÍSTICA S.A.;04.149.454/0001-80;ECOR3
ENERGIAS BR;EDP – ENERGIAS DO BRASIL S.A.;03.983.431/0001-03;ENBR3
ESCELSA;EDP ESPIRITO SANTO DISTRIBUIÇÃO DE ENERGIA S.A.;28.152.650/0001-71;#N/D
EBE;EDP SÃO PAULO DISTRIBUIÇÃO DE ENERGIA S.A.;02.302.100/0001-06;#N/D
ACO ALTONA;ELECTRO ACO ALTONA S.A.;82.643.537/0001-34;EALT3, EALT4
ELEKEIROZ;ELEKEIROZ S.A.;13.788.120/0001-47;ELEK3, ELEK4
ELEKTRO;ELEKTRO REDES S.A.;02.328.280/0001-97;EKTR3, EKTR4
ELETROPAR;ELETROBRÁS PARTICIPAÇÕES S.A. – ELETROPAR;01.104.937/0001-70;LIPR3
ELETROPAULO;ELETROPAULO METROP. ELET. SAO PAULO S.A.;61.695.227/0001-93;#N/D
EMAE;EMAE – EMPRESA METROP.AGUAS ENERGIA S.A.;02.302.101/0001-42;EMAE3, EMAE4
EMBRAER;EMBRAER S.A.;07.689.002/0001-89;EMBR3
ECONORTE;EMPRESA CONC RODOV DO NORTE S.A.ECONORTE;02.222.736/0001-30;#N/D
ENCORPAR;EMPRESA NAC COM REDITO PART S.A.ENCORPAR;01.971.614/0001-83;ECPR3, ECPR4
ENAUTA PART;ENAUTA PARTICIPAÇÕES S.A.;11.669.021/0001-10;ENAT3
ENERSUL;ENERGISA MATO GROSSO DO SUL – DIST DE ENERGIA S.A.;15.413.826/0001-50;#N/D
ENERGISA MT;ENERGISA MATO GROSSO-DISTRIBUIDORA DE ENERGIA S/A;03.467.321/0001-99;ENMT3, ENMT4
ENERGISA;ENERGISA S.A.;00.864.214/0001-06;ENGI11, ENGI3, ENGI4
ENEVA;ENEVA S.A;04.423.567/0001-21;ENEV3
ENGIE BRASIL;ENGIE BRASIL ENERGIA S.A.;02.474.103/0001-19;EGIE3
EQUATORIAL;EQUATORIAL ENERGIA S.A.;03.220.438/0001-73;EQTL3
EQTLMARANHAO;EQUATORIAL MARANHÃO DISTRIBUIDORA DE ENERGIA S.A.;06.272.793/0001-84;#N/D
EQTL PARA;EQUATORIAL PARA DISTRIBUIDORA DE ENERGIA S.A.;04.895.728/0001-80;EQPA3, EQPA5, EQPA6, EQPA7
ETERNIT;ETERNIT S.A.;61.092.037/0001-81;ETER3
EUCATEX;EUCATEX S.A. INDUSTRIA E COMERCIO;56.643.018/0001-66;EUCA4, EUCA3
EVEN;EVEN CONSTRUTORA E INCORPORADORA S.A.;43.470.988/0001-65;EVEN3
EXCELSIOR;EXCELSIOR ALIMENTOS S.A.;95.426.862/0001-97;BAUH3, BAUH4
EZTEC;EZ TEC EMPREEND. E PARTICIPACOES S.A.;08.312.229/0001-73;EZTC3
FGENERGIA;FERREIRA GOMES ENERGIA S.A.;12.489.315/0001-23;#N/D
FER C ATLANT;FERROVIA CENTRO-ATLANTICA S.A.;00.924.429/0001-75;VSPT3, VSPT4
FER HERINGER;FERTILIZANTES HERINGER S.A.;22.266.175/0001-88;FHER3
ALFA FINANC;FINANCEIRA ALFA S.A.- CRED FINANC E INVS;17.167.412/0001-13;CRIV3, CRIV4
FINANSINOS;FINANSINOS S.A.- CREDITO FINANC E INVEST;91.669.747/0001-92;FNCN3
FLEURY;FLEURY S.A.;60.840.055/0001-31;FLRY3
FLEX S/A;FLEX GESTÃO DE RELACIONAMENTOS S.A.;10.851.805/0001-00;FLEX3
FRAS-LE;FRAS-LE S.A.;88.610.126/0001-29;FRAS3
GAFISA;GAFISA S.A.;01.545.826/0001-07;GFSA3
GAIA AGRO;GAIA AGRO SECURITIZADORA S.A.;14.876.090/0001-93;GAFL-CRA02B0
GAIA SECURIT;GAIA SECURITIZADORA S.A.;07.587.384/0001-30;#N/D
GAMA PART;GAMA PARTICIPACOES S.A.;02.796.775/0001-40;OPGM3B
GENERALSHOPP;GENERAL SHOPPING E OUTLETS DO BRASIL S.A.;08.764.621/0001-53;GSHP3
GERDAU;GERDAU S.A.;33.611.500/0001-19;GGBR3, GGBR4
GOL;GOL LINHAS AEREAS INTELIGENTES S.A.;06.164.253/0001-87;GOLL11, GOLL4
GP INVEST;GP INVESTMENTS. LTD.;07.857.850/0001-50;GPIV33
GPC PART;GPC PARTICIPACOES S.A.;02.193.750/0001-52;GPCP3, GPCP4
GRAZZIOTIN;GRAZZIOTIN S.A.;92.012.467/0001-70;CGRA4, CGRA3
GRENDENE;GRENDENE S.A.;89.850.341/0001-60;GRND3
CENTAURO;GRUPO SBF SA;13.217.485/0001-11;CNTO3
GUARARAPES;GUARARAPES CONFECCOES S.A.;08.402.943/0001-52;GUAR3
HAGA S/A;HAGA S.A. INDUSTRIA E COMERCIO;30.540.991/0001-66;HAGA3, HAGA4
HAPVIDA;HAPVIDA PARTICIPACOES E INVESTIMENTOS SA;05.197.443/0001-38;HAPV3
HELBOR;HELBOR EMPREENDIMENTOS S.A.;49.263.189/0001-02;HBOR3
HERCULES;HERCULES S.A. FABRICA DE TALHERES;92.749.225/0001-63;HETA3, HETA4
HOTEIS OTHON;HOTEIS OTHON S.A.;33.200.049/0001-47;HOOT4
HYPERA;HYPERA S.A.;02.932.074/0001-91;HYPE3
IDEIASNET;IDEIASNET S.A.;02.365.069/0001-44;IDNT3
IGB S/A;IGB ELETRÔNICA S/A;43.185.362/0001-07;IGBR3
IGUA SA;IGUA SANEAMENTO S.A.;08.159.965/0001-33;IGSN3
IGUATEMI;IGUATEMI EMPRESA DE SHOPPING CENTERS S.A;51.218.147/0001-93;IGTA3
J B DUARTE;INDUSTRIAS J B DUARTE S.A.;60.637.238/0001-54;JBDU3, JBDU4
INDS ROMI;INDUSTRIAS ROMI S.A.;56.720.428/0001-63;ROMI3
INEPAR;INEPAR S.A. INDUSTRIA E CONSTRUCOES;76.627.504/0001-06;INEP4, INEP3
SELECTPART;INNCORP S.A.;02.604.860/0001-60;SLCT3B
IHPARDINI;INSTITUTO HERMES PARDINI S.A.;19.378.769/0001-76;PARD3
INTER SA;INTER CONSTRUTORA E INCORPORADORA S.A.;09.611.768/0001-76;INNT3
IMC S/A;INTERNATIONAL MEAL COMPANY ALIMENTACAO S.A.;17.314.329/0001-20;MEAL3
INVEST BEMGE;INVESTIMENTOS BEMGE S.A.;01.548.981/0001-79;FIGE3, FIGE4
INVEPAR;INVESTIMENTOS E PARTICIP. EM INFRA S.A. – INVEPAR;03.758.318/0001-24;IVPR4B, IVPR3B
IOCHP-MAXION;IOCHPE MAXION S.A.;61.156.113/0001-75;MYPK3
IRANI;IRANI PAPEL E EMBALAGEM S.A.;92.791.243/0001-03;RANI3, RANI4
IRBBRASIL RE;IRB – BRASIL RESSEGUROS S.A.;33.376.989/0001-91;IRBR3
ITAPEBI;ITAPEBI GERACAO DE ENERGIA S.A.;02.397.080/0001-96;#N/D
ITAUUNIBANCO;ITAU UNIBANCO HOLDING S.A.;60.872.504/0001-23;ITUB3, ITUB4
ITAUSA;ITAUSA INVESTIMENTOS ITAU S.A.;61.532.644/0001-15;ITSA3, ITSA4
J.MACEDO;J. MACEDO S.A.;14.998.371/0001-19;#N/D
JBS;JBS S.A.;02.916.265/0001-60;JBSS3
JEREISSATI;JEREISSATI PARTICIPACOES S.A.;60.543.816/0001-93;JPSA3
JHSF PART;JHSF PARTICIPACOES S.A.;08.294.224/0001-65;JHSF3
JOAO FORTES;JOAO FORTES ENGENHARIA S.A.;33.035.536/0001-00;JFEN3
JOSAPAR;JOSAPAR-JOAQUIM OLIVEIRA S.A. – PARTICIP;87.456.562/0001-22;JOPA3, JOPA4
JSL;JSL S.A.;52.548.435/0001-79;JSLG3
KARSTEN;KARSTEN S.A.;82.640.558/0001-04;CTKA4, CTKA3
KEPLER WEBER;KEPLER WEBER S.A.;91.983.056/0001-69;KEPL3
KLABIN S/A;KLABIN S.A.;89.637.490/0001-45;KLBN11, KLBN3, KLBN4
LIFEMED;LIFEMED INDUSTRIAL EQUIP. DE ART. MÉD. HOSP. S.A.;02.357.251/0001-53;LMED3
LIGHT S/A;LIGHT S.A.;03.378.521/0001-75;LIGT3
LIGHT;LIGHT SERVICOS DE ELETRICIDADE S.A.;60.444.437/0001-46;#N/D
LINX;LINX S.A.;06.948.969/0001-75;LINX3
LITEL;LITEL PARTICIPACOES S.A.;00.743.065/0001-27;LTEL3B
LITELA;LITELA PARTICIPAÇÕES S.A.;05.495.546/0001-84;LTLA3B
LOCALIZA;LOCALIZA RENT A CAR S.A.;16.670.085/0001-55;RENT3
LOCAWEB;LOCAWEB SERVIÇOS DE INTERNET S.A.;02.351.877/0001-52;LWSA3
LOG COM PROP;LOG COMMERCIAL PROPERTIES;09.041.168/0001-10;LOGG3
LOG-IN;LOG-IN LOGISTICA INTERMODAL S.A.;42.278.291/0001-24;LOGN3
LOJAS AMERIC;LOJAS AMERICANAS S.A.;33.014.556/0001-96;LAME3, LAME4
LOJAS RENNER;LOJAS RENNER S.A.;92.754.738/0001-62;LREN3
LONGDIS;LONGDIS S.A.;02.338.534/0001-58;#N/D
LOPES BRASIL;LPS BRASIL – CONSULTORIA DE IMOVEIS S.A.;08.078.847/0001-09;LPSB3
LUPATECH;LUPATECH S.A.;89.463.822/0001-12;LUPA3
M.DIASBRANCO;M.DIAS BRANCO S.A. IND COM DE ALIMENTOS;07.206.816/0001-15;MDIA3
MAESTROLOC;MAESTRO LOCADORA DE VEICULOS S.A.;08.795.211/0001-70;MSRO3
MAGAZ LUIZA;MAGAZINE LUIZA S.A.;47.960.950/0001-21;MGLU3
METAL LEVE;MAHLE-METAL LEVE S.A.;60.476.884/0001-87;LEVE3
MANGELS INDL;MANGELS INDUSTRIAL S.A.;61.065.298/0001-02;MGEL3, MGEL4
ESTRELA;MANUFATURA DE BRINQUEDOS ESTRELA S.A.;61.082.004/0001-50;ESTR4, ESTR3
MARCOPOLO;MARCOPOLO S.A.;88.611.835/0001-29;POMO4, POMO3
MARFRIG;MARFRIG GLOBAL FOODS S.A.;03.853.896/0001-40;MRFG3
LOJAS MARISA;MARISA LOJAS S.A.;61.189.288/0001-89;AMAR3
MERC FINANC;MERCANTIL BRASIL FINANC S.A. C.F.I.;33.040.601/0001-87;MERC3, MERC4
METALFRIO;METALFRIO SOLUTIONS S.A.;04.821.041/0001-08;FRIO3
METAL IGUACU;METALGRAFICA IGUACU S.A.;80.227.184/0001-66;MTIG3, MTIG4
GERDAU MET;METALURGICA GERDAU S.A.;92.690.783/0001-09;GOAU3, GOAU4
RIOSULENSE;METALURGICA RIOSULENSE S.A.;85.778.074/0001-06;RSUL3, RSUL4
METISA;METISA METALURGICA TIMBOENSE S.A.;86.375.425/0001-09;MTSA3, MTSA4
MGI PARTICIP;MGI – MINAS GERAIS PARTICIPAÇÕES S.A.;19.296.342/0001-29;#N/D
MILLS;MILLS ESTRUTURAS E SERVIÇOS DE ENGENHARIA S.A.;27.093.558/0001-15;MILS3
MINASMAQUINA;MINASMAQUINAS S.A.;17.161.241/0001-15;MMAQ3, MMAQ4
MINERVA;MINERVA S.A.;67.620.377/0001-14;BEEF3, BEEF11
MINUPAR;MINUPAR PARTICIPACOES S.A.;90.076.886/0001-40;MNPR3
MITRE REALTY;MITRE REALTY EMPREENDIMENTOS E PARTICIPAÇÕES S.A.;07.882.930/0001-65;MTRE3
MMX MINER;MMX MINERACAO E METALICOS S.A.;02.762.115/0001-49;MMXM3
MONT ARANHA;MONTEIRO ARANHA S.A.;33.102.476/0001-92;MOAR3
MOURA DUBEUX;MOURA DUBEUX ENGENHARIA S/A;12.049.631/0001-84;MDNE3
MOVIDA;MOVIDA PARTICIPACOES SA;21.314.559/0001-66;MOVI3
MRS LOGIST;MRS LOGISTICA S.A.;01.417.222/0001-77;MRSA3B, MRSA5B, MRSA6B
MRV;MRV ENGENHARIA E PARTICIPACOES S.A.;08.343.492/0001-20;MRVE3
MULTIPLAN;MULTIPLAN – EMPREEND IMOBILIARIOS S.A.;07.816.890/0001-53;MULT3
MUNDIAL;MUNDIAL S.A. – PRODUTOS DE CONSUMO;88.610.191/0001-54;MNDL3
GRUPO NATURA;NATURA &CO HOLDING S.A.;32.785.497/0001-97;NTCO3
NATURA;NATURA COSMETICOS S.A.;71.673.990/0001-77;#N/D
NEOENERGIA;NEOENERGIA S.A.;01.083.200/0001-18;NEOE3
NORDON MET;NORDON INDUSTRIAS METALURGICAS S.A.;60.884.319/0001-59;NORD3
NORTCQUIMICA;NORTEC QUÍMICA S.A.;29.950.060/0001-57;NRTQ3
INTERMEDICA;NOTRE DAME INTERMEDICA PARTICIPACOES SA;19.853.511/0001-84;GNDI3
NUTRIPLANT;NUTRIPLANT INDUSTRIA E COMERCIO S.A.;51.128.999/0001-90;#N/D
OCTANTE SEC;OCTANTE SECURITIZADORA S.A.;12.139.922/0001-63;#N/D
ODONTOPREV;ODONTOPREV S.A.;58.119.199/0001-51;ODPV3
OI;OI S.A.;76.535.764/0001-43;OIBR4, OIBR3
OMEGA GER;OMEGA GERAÇÃO S.A.;09.149.503/0001-06;OMGE3
OPPORT ENERG;OPPORTUNITY ENERGIA E PARTICIPACOES S.A.;02.318.346/0001-68;OPHE3B
OSX BRASIL;OSX BRASIL S.A.;09.112.685/0001-32;OSXB3
OURINVESTSEC;OURINVEST SECURITIZADORA SA;12.320.349/0001-90;#N/D
OUROFINO S/A;OURO FINO SAUDE ANIMAL PARTICIPACOES S.A.;20.258.278/0001-70;OFSA3
OURO VERDE;OURO VERDE LOCACAO E SERVICO S.A.;75.609.123/0001-23;#N/D
PANATLANTICA;PANATLANTICA S.A.;92.693.019/0001-89;PATI3, PATI4
PARANA;PARANA BCO S.A.;14.388.334/0001-99;#N/D
PARANAPANEMA;PARANAPANEMA S.A.;60.398.369/0004-79;PMAM3
PATRIA SEC;PATRIA CIA SECURITIZADORA DE CRED IMOB;02.736.470/0001-43;#N/D
PORTOBELLO;PBG S/A;83.475.913/0001-91;PTBL3
PDG SECURIT;PDG COMPANHIA SECURITIZADORA;09.538.973/0001-53;#N/D
PDG REALT;PDG REALTY S.A. EMPREEND E PARTICIPACOES;02.950.811/0001-89;PDGR3
PETRORIO;PETRO RIO S.A.;10.629.105/0001-68;PRIO3
PETROBRAS BR;PETROBRAS DISTRIBUIDORA S/A;34.274.233/0001-02;BRDT3
PETROBRAS;PETROLEO BRASILEIRO S.A. PETROBRAS;33.000.167/0001-01;PETR4, PETR3
PETTENATI;PETTENATI S.A. INDUSTRIA TEXTIL;88.613.658/0001-10;PTNT3, PTNT4
PLASCAR PART;PLASCAR PARTICIPACOES INDUSTRIAIS S.A.;51.928.174/0001-50;PLAS3
POLO CAP SEC;POLO CAPITAL SECURITIZADORA S.A;12.261.588/0001-16;#N/D
POLPAR;POLPAR S.A.;59.789.545/0001-71;PPAR3
POMIFRUTAS;POMIFRUTAS S/A;86.550.951/0001-50;FRTA3
PORTO SEGURO;PORTO SEGURO S.A.;02.149.205/0001-69;PSSA3
PORTO VM;PORTO SUDESTE V.M. S.A.;18.494.485/0001-82;PSVM11
POSITIVO TEC;POSITIVO TECNOLOGIA S.A.;81.243.735/0001-48;POSI3
PPLA;PPLA PARTICIPATIONS LTD.;15.073.274/0001-88;PPLA11
PRATICA;PRATICA KLIMAQUIP INDUSTRIA E COMERCIO SA;08.574.411/0001-00;PTCA11, PTCA3
PRINER;PRINER SERVIÇOS INDUSTRIAIS S.A.;18.593.815/0001-97;PRNR3
PROMAN;PRODUTORES ENERGET.DE MANSO S.A.- PROMAN;02.291.077/0001-93;PRMN3B
PROFARMA;PROFARMA DISTRIB PROD FARMACEUTICOS S.A.;45.453.214/0001-51;PFRM3
PROMPT PART;PROMPT PARTICIPACOES S.A.;02.992.449/0001-09;PRPT3B
QUALICORP;QUALICORP CONSULTORIA E CORRETORA DE SEGUROS S.A.;11.992.680/0001-93;QUAL3
QUALITY SOFT;QUALITY SOFTWARE S.A.;35.791.391/0001-94;QUSW3
RAIADROGASIL;RAIA DROGASIL S.A.;61.585.865/0001-51;RADL3
RAIZEN ENERG;RAIZEN ENERGIA S.A.;08.070.508/0001-78;#N/D
RANDON PART;RANDON S.A. IMPLEMENTOS E PARTICIPACOES;89.086.144/0001-16;RAPT4, RAPT3
RBCAPITALRES;RB CAPITAL COMPANHIA DE SECURITIZAÇÃO;02.773.542/0001-22;#N/D
WTORRE PIC;REAL AI PIC SEC DE CREDITOS IMOBILIARIO S.A.;02.643.896/0001-52;#N/D
RECRUSUL;RECRUSUL S.A.;91.333.666/0001-17;RCSL3, RCSL4
REDE ENERGIA;REDE ENERGIA PARTICIPAÇÕES S.A.;61.584.140/0001-49;REDE3
PET MANGUINH;REFINARIA DE PETROLEOS MANGUINHOS S.A.;33.412.081/0001-96;RPMG3
RENOVA;RENOVA ENERGIA S.A.;08.534.605/0001-74;RNEW11, RNEW4, RNEW3
LE LIS BLANC;RESTOQUE COMÉRCIO E CONFECÇÕES DE ROUPAS S.A.;49.669.856/0001-43;LLIS3
AES SUL;RGE SUL DISTRIBUIDORA DE ENERGIA S.A.;02.016.440/0001-62;#N/D
GER PARANAP;RIO PARANAPANEMA ENERGIA S.A.;02.998.301/0001-81;GEPA3, GEPA4
RNI;RNI NEGÓCIOS IMOBILIÁRIOS S.A.;67.010.660/0001-24;RDNI3
ROD COLINAS;RODOVIAS DAS COLINAS S.A.;03.025.305/0001-46;#N/D
ROSSI RESID;ROSSI RESIDENCIAL S.A.;61.065.751/0001-80;RSID3
ALL NORTE;RUMO MALHA NORTE S.A.;24.962.466/0001-36;FRRN3B, FRRN5B, FRRN6B
ALL PAULISTA;RUMO MALHA PAULISTA S.A.;02.502.844/0001-66;#N/D
RUMO S.A.;RUMO S.A.;02.387.241/0001-60;RAIL3
SALUS INFRA;SALUS INFRAESTRUTURA PORTUARIA SA;15.494.541/0001-90;#N/D
SANESALTO;SANESALTO SANEAMENTO S.A.;02.724.983/0001-34;#N/D
SANSUY;SANSUY S.A. INDUSTRIA DE PLASTICOS;14.807.945/0001-24;SNSY3, SNSY5, SNSY6
SANTHER;SANTHER FAB DE PAPEL STA THEREZINHA S.A.;61.101.895/0001-45;#N/D
STO ANTONIO;SANTO ANTONIO ENERGIA S.A.;09.391.823/0001-60;#N/D
SANTOS BRP;SANTOS BRASIL PARTICIPACOES S.A.;02.762.121/0001-04;STBP3
SAO CARLOS;SAO CARLOS EMPREEND E PARTICIPACOES S.A.;29.780.061/0001-09;SCAR3
SAO MARTINHO;SAO MARTINHO S.A.;51.466.860/0001-56;SMTO3
SPTURIS;SAO PAULO TURISMO S.A.;62.002.886/0001-60;AHEB3, AHEB5, AHEB6
SARAIVA LIVR;SARAIVA LIVREIROS S.A. – EM RECUPERAÇÃO JUDICIAL;60.500.139/0001-26;SLED4, SLED3
SCHULZ;SCHULZ S.A.;84.693.183/0001-68;SHUL4, SHUL3
SER EDUCA;SER EDUCACIONAL S.A.;04.986.320/0001-13;SEER3
ALIPERTI;SIDERURGICA J. L. ALIPERTI S.A.;61.156.931/0001-78;APTI3, APTI4
SINQIA;SINQIA S.A.;04.065.791/0001-99;SQIA3
SLC AGRICOLA;SLC AGRICOLA S.A.;89.096.457/0001-55;SLCE3
SMART FIT;SMARTFIT ESCOLA DE GINÁSTICA E DANÇA S.A.;07.594.978/0001-78;SMFT3
SMILES;SMILES FIDELIDADE S.A.;05.730.375/0001-20;SMLS3
SONDOTECNICA;SONDOTECNICA ENGENHARIA SOLOS S.A.;33.386.210/0001-19;SOND3, SOND5, SOND6
SPRINGER;SPRINGER S.A.;92.929.520/0001-00;SPRI3, SPRI5, SPRI6
SPRINGS;SPRINGS GLOBAL PARTICIPACOES S.A.;07.718.269/0001-57;SGPS3
STARA;STARA S.A. – INDÚSTRIA DE IMPLEMENTOS AGRÍCOLAS;91.495.499/0001-00;#N/D
STATKRAFT;STATKRAFT ENERGIAS RENOVAVEIS S.A.;00.622.416/0001-41;STKF3
SUDESTE S/A;SUDESTE S.A.;02.062.747/0001-08;OPSE3B
SUL 116 PART;SUL 116 PARTICIPACOES S.A.;01.957.772/0001-89;OPTS3B
SUL AMERICA;SUL AMERICA S.A.;29.978.814/0001-87;SULA11, SULA3, SULA4
SUZANO HOLD;SUZANO HOLDING S.A.;60.651.809/0001-05;NEMO3, NEMO5, NEMO6
SUZANO S.A.;SUZANO S.A.;16.404.287/0001-55;SUZB3
TIME FOR FUN;T4F ENTRETENIMENTO S.A.;02.860.694/0001-62;SHOW3
TAURUS ARMAS;TAURUS ARMAS S.A.;92.781.335/0001-02;TASA13, TASA15, TASA17, TASA3, TASA4
TCP TERMINAL;TCP TERMINAL DE CONTEINERES DE PARANAGUA SA;12.919.786/0001-24;#N/D
TECHNOS;TECHNOS S.A.;09.295.063/0001-97;TECN3
TECNISA;TECNISA S.A.;08.065.557/0001-12;TCSA3
TECNOSOLO;TECNOSOLO ENGENHARIA S.A.;33.111.246/0001-90;TCNO3, TCNO4
TEGMA;TEGMA GESTAO LOGISTICA S.A.;02.351.144/0001-18;TGMA3
TEKA;TEKA-TECELAGEM KUEHNRICH S.A.;82.636.986/0001-55;TEKA3, TEKA4
TEKNO;TEKNO S.A. – INDUSTRIA E COMERCIO;33.467.572/0001-34;TKNO3, TKNO4
TELEBRAS;TELEC BRASILEIRAS S.A. TELEBRAS;00.336.701/0001-04;TELB4, TELB3
TELEF BRASIL;TELEFÔNICA BRASIL S.A;02.558.157/0001-62;VIVT3, VIVT4
TERM. PE III;TERMELÉTRICA PERNAMBUCO III S.A.;10.502.676/0001-37;#N/D
MENEZES CORT;TERMINAL GARAGEM MENEZES CORTES S.A.;02.664.042/0001-52;MNZC3B
TERMOPE;TERMOPERNAMBUCO S.A.;03.795.050/0001-09;#N/D
TERRA SANTA;TERRA SANTA AGRO S.A.;05.799.312/0001-20;TESA12, TESA3
TEX RENAUX;TEXTIL RENAUXVIEW S.A.;82.982.075/0001-80;#N/D
TIM PART S/A;TIM PARTICIPACOES S.A.;02.558.115/0001-21;TIMP3
TOTVS;TOTVS S.A.;53.113.791/0001-22;TOTS3
TRIUNFO PART;TPI – TRIUNFO PARTICIP. E INVEST. S.A.;03.014.553/0001-91;TPIS3
TAESA;TRANSMISSORA ALIANÇA DE ENERGIA ELÉTRICA S.A.;07.859.971/0001-30;TAEE11, TAEE3, TAEE4
TREVISA;TREVISA INVESTIMENTOS S.A.;92.660.570/0001-26;LUXM3, LUXM4
TRIANGULOSOL;TRIÂNGULO DO SOL AUTO-ESTRADAS S.A.;02.509.186/0001-34;#N/D
TRISUL;TRISUL S.A.;08.811.643/0001-27;TRIS3
CRISTAL;TRONOX PIGMENTOS DO BRASIL S.A.;15.115.504/0001-24;CRPG3, CRPG5, CRPG6
TRUESEC;TRUE SECURITIZADORA S.A.;12.130.744/0001-00;APCS-CRI05B0
TUPY;TUPY S.A.;84.683.374/0001-49;TUPY3
ULTRAPAR;ULTRAPAR PARTICIPACOES S.A.;33.256.439/0001-39;UGPA3
UNICASA;UNICASA INDÚSTRIA DE MÓVEIS S.A.;90.441.460/0001-48;UCAS3
UNIDAS;UNIDAS S.A.;04.437.534/0001-30;#N/D
UNIPAR;UNIPAR CARBOCLORO S.A.;33.958.695/0001-78;UNIP3, UNIP5, UNIP6
UPTICK;UPTICK PARTICIPACOES S.A.;02.162.616/0001-94;UPKP3B
USIMINAS;USINAS SID DE MINAS GERAIS S.A.-USIMINAS;60.894.730/0001-05;USIM6, USIM5, USIM3
VALE;VALE S.A.;33.592.510/0001-54;VALE3
VALID;VALID SOLUÇÕES S.A.;33.113.309/0001-47;VLID3
VERTCIASEC;VERT COMPANHIA SECURITIZADORA;25.005.683/0001-09;#N/D
VIAVAREJO;VIA VAREJO S.A.;33.041.260/0652-90;VVAR3
VIVARA S.A.;VIVARA PARTICIPAÇOES S.A;33.839.910/0001-11;VIVA3
VIVER;VIVER INCORPORADORA E CONSTRUTORA S.A.;67.571.414/0001-41;VIVR3
VULCABRAS;VULCABRAS/AZALEIA S.A.;50.926.955/0001-42;VULC3
WEG;WEG S.A.;84.429.695/0001-11;WEGE3
WETZEL S/A;WETZEL S.A.;84.683.671/0001-94;MWET3, MWET4
WHIRLPOOL;WHIRLPOOL S.A.;59.105.999/0001-86;WHRL3
WILSON SONS;WILSON SONS LTD.;05.721.735/0001-28;WSON33
WIZ S.A.;WIZ SOLUÇÕES E CORRETAGEM DE SEGUROS S.A.;42.278.473/0001-03;WIZS3
WLM IND COM;WLM PART. E COMÉRCIO DE MÁQUINAS E VEÍCULOS S.A.;33.228.024/0001-51;WLMM3, WLMM4
YDUQS PART;YDUQS PARTICIPACOES S.A.;08.807.432/0001-10;YDUQ3
524 PARTICIP;524 PARTICIPACOES S.A.;01.851.771/0001-55;QVQP3B
